{"cameraMode":{"drawMode":0,"name":"Shaded","section":"Shading Mode"},"sceneLighting":false,"audioPlay":false,"sceneViewState":{"m_AlwaysRefresh":false,"showFog":true,"showSkybox":false,"showFlares":true,"showImageEffects":true,"showParticleSystems":true,"showVisualEffectGraphs":true,"m_FxEnabled":true},"in2DMode":false,"pivot":{"x":-0.11593826115131378,"y":0.10726809501647949,"z":0.28346264362335207},"rotation":{"x":-0.46869251132011416,"y":0.0031760716810822489,"z":-0.0016885300865396858,"w":-0.8833635449409485},"size":1.1660254001617432,"orthographic":false}